{
  "appBarTheme": {
    "actionsIconTheme": {
      "color": "#ff28333b"
    },
    "backgroundColor": "#fffb662e",
    "elevation": 0,
    "foregroundColor": "#ff28333b",
    "iconTheme": {
      "color": "#ff28333b"
    },
    "titleTextStyle": {
      "color": "#ff28333b",
      "decoration": "none",
      "fontFamily": "AlegreyaSans_regular",
      "fontWeight": "w700",
      "fontSize": 24,
      "fontStyle": "normal",
      "inherit": true,
      "leadingDistribution": "proportional",
      "letterSpacing": 0.15,
      "textBaseline": "alphabetic"
    },
    "toolbarTextStyle": {
      "color": "#ff28333b",
      "decoration": "none",
      "fontFamily": "AlegreyaSans_regular",
      "fontWeight": "w400",
      "fontSize": 14,
      "inherit": true,
      "letterSpacing": 0.25,
      "textBaseline": "alphabetic"
    }
  },
  "applyElevationOverlayColor": false,
  "backgroundColor": "#fffc946d",
  "bottomAppBarColor": "#ff424242",
  "bottomNavigationBarTheme": {
    "backgroundColor": "#ff1c2429",
    "elevation": 0,
    "selectedItemColor": "#fffb662e",
    "showSelectedLabels": true,
    "showUnselectedLabels": true,
    "type": "fixed",
    "unselectedItemColor": "#cdfbfcff"
  },
  "brightness": "dark",
  "buttonTheme": {
    "alignedDropdown": false,
    "colorScheme": {
      "background": "#ff121212",
      "brightness": "dark",
      "error": "#ffcf6679",
      "errorContainer": "#ffcf6679",
      "inversePrimary": "#ff000000",
      "inverseSurface": "#ffffffff",
      "onBackground": "#ffffffff",
      "onError": "#ff000000",
      "onErrorContainer": "#ff000000",
      "onInverseSurface": "#ff121212",
      "onPrimary": "#ffffffff",
      "onPrimaryContainer": "#ff000000",
      "onSecondary": "#ffffffff",
      "onSecondaryContainer": "#ff000000",
      "onSurface": "#ffffffff",
      "onSurfaceVariant": "#ffffffff",
      "onTertiary": "#ff000000",
      "onTertiaryContainer": "#ff000000",
      "outline": "#ffffffff",
      "primary": "#fffb662e",
      "primaryContainer": "#ffbb86fc",
      "secondary": "#fffb662e",
      "secondaryContainer": "#ff03dac6",
      "shadow": "#ff000000",
      "surface": "#ff121212",
      "surfaceTint": "#ffbb86fc",
      "surfaceVariant": "#ff121212",
      "tertiary": "#ff03dac6",
      "tertiaryContainer": "#ff03dac6"
    },
    "height": 36,
    "layoutBehavior": "padded",
    "minWidth": 88,
    "padding": {
      "bottom": 0,
      "left": 16,
      "right": 16,
      "top": 0
    },
    "shape": {
      "borderRadius": {
        "bottomLeft": {
          "type": "elliptical",
          "x": 2,
          "y": 2
        },
        "bottomRight": {
          "type": "elliptical",
          "x": 2,
          "y": 2
        },
        "topLeft": {
          "type": "elliptical",
          "x": 2,
          "y": 2
        },
        "topRight": {
          "type": "elliptical",
          "x": 2,
          "y": 2
        },
        "type": "only"
      },
      "side": {
        "color": "#ff000000",
        "style": "none",
        "width": 0
      },
      "type": "rounded"
    },
    "textTheme": "normal"
  },
  "canvasColor": "#ff303030",
  "cardColor": "#ff424242",
  "colorScheme": {
    "background": "#ff121212",
    "brightness": "dark",
    "error": "#ffcf6679",
    "errorContainer": "#ffcf6679",
    "inversePrimary": "#ff000000",
    "inverseSurface": "#ffffffff",
    "onBackground": "#ffffffff",
    "onError": "#ff000000",
    "onErrorContainer": "#ff000000",
    "onInverseSurface": "#ff121212",
    "onPrimary": "#ffffffff",
    "onPrimaryContainer": "#ff000000",
    "onSecondary": "#ffffffff",
    "onSecondaryContainer": "#ff000000",
    "onSurface": "#ffffffff",
    "onSurfaceVariant": "#ffffffff",
    "onTertiary": "#ff000000",
    "onTertiaryContainer": "#ff000000",
    "outline": "#ffffffff",
    "primary": "#fffb662e",
    "primaryContainer": "#ffbb86fc",
    "secondary": "#fffb662e",
    "secondaryContainer": "#ff03dac6",
    "shadow": "#ff000000",
    "surface": "#ff121212",
    "surfaceTint": "#ffbb86fc",
    "surfaceVariant": "#ff121212",
    "tertiary": "#ff03dac6",
    "tertiaryContainer": "#ff03dac6"
  },
  "dialogBackgroundColor": "#ff424242",
  "disabledColor": "#62ffffff",
  "dividerColor": "#1fffffff",
  "elevatedButtonTheme": {
    "style": {
      "backgroundColor": {
        "disabled": "#1e000000",
        "dragged": "#fffb662e",
        "empty": "#fffb662e",
        "error": "#fffb662e",
        "focused": "#fffb662e",
        "hovered": "#fffb662e",
        "pressed": "#fffb662e",
        "scrolledUnder": "#fffb662e",
        "selected": "#fffb662e"
      },
      "elevation": {
        "disabled": 0,
        "dragged": 2,
        "empty": 2,
        "error": 2,
        "focused": 4,
        "hovered": 4,
        "pressed": 8,
        "scrolledUnder": 2,
        "selected": 2
      },
      "foregroundColor": {
        "disabled": "#cbfafafb",
        "dragged": "#cdfafafb",
        "empty": "#cdfafafb",
        "error": "#cdfafafb",
        "focused": "#cdfafafb",
        "hovered": "#cdfafafb",
        "pressed": "#cdfafafb",
        "scrolledUnder": "#cdfafafb",
        "selected": "#cdfafafb"
      },
      "minimumSize": {
        "disabled": {
          "height": 36,
          "width": 64
        },
        "dragged": {
          "height": 36,
          "width": 64
        },
        "empty": {
          "height": 36,
          "width": 64
        },
        "error": {
          "height": 36,
          "width": 64
        },
        "focused": {
          "height": 36,
          "width": 64
        },
        "hovered": {
          "height": 36,
          "width": 64
        },
        "pressed": {
          "height": 36,
          "width": 64
        },
        "scrolledUnder": {
          "height": 36,
          "width": 64
        },
        "selected": {
          "height": 36,
          "width": 64
        }
      },
      "overlayColor": {
        "focused": "#3d000000",
        "hovered": "#14000000",
        "pressed": "#3d000000"
      },
      "shadowColor": {
        "disabled": "#ff000000",
        "dragged": "#ff000000",
        "empty": "#ff000000",
        "error": "#ff000000",
        "focused": "#ff000000",
        "hovered": "#ff000000",
        "pressed": "#ff000000",
        "scrolledUnder": "#ff000000",
        "selected": "#ff000000"
      }
    }
  },
  "errorColor": "#ffd32f2f",
  "floatingActionButtonTheme": {
    "foregroundColor": "#fffafafb"
  },
  "focusColor": "#1fffffff",
  "highlightColor": "#40cccccc",
  "hintColor": "#99ffffff",
  "hoverColor": "#0affffff",
  "iconTheme": {
    "color": "#ccfbfcff"
  },
  "indicatorColor": "#fffb662e",
  "inputDecorationTheme": {
    "alignLabelWithHint": false,
    "border": {
      "borderRadius": {
        "bottomLeft": {
          "type": "elliptical",
          "x": 10,
          "y": 10
        },
        "bottomRight": {
          "type": "elliptical",
          "x": 10,
          "y": 10
        },
        "topLeft": {
          "type": "elliptical",
          "x": 10,
          "y": 10
        },
        "topRight": {
          "type": "elliptical",
          "x": 10,
          "y": 10
        },
        "type": "only"
      },
      "borderSide": {
        "color": "#ff000000",
        "style": "solid",
        "width": 1
      },
      "gapPadding": 4,
      "type": "outline"
    },
    "enabledBorder": {
      "borderRadius": {
        "bottomLeft": {
          "type": "elliptical",
          "x": 10,
          "y": 10
        },
        "bottomRight": {
          "type": "elliptical",
          "x": 10,
          "y": 10
        },
        "topLeft": {
          "type": "elliptical",
          "x": 10,
          "y": 10
        },
        "topRight": {
          "type": "elliptical",
          "x": 10,
          "y": 10
        },
        "type": "only"
      },
      "borderSide": {
        "color": "#cdfbfcff",
        "style": "solid",
        "width": 1
      },
      "gapPadding": 4,
      "type": "outline"
    },
    "errorBorder": {
      "borderRadius": {
        "bottomLeft": {
          "type": "elliptical",
          "x": 10,
          "y": 10
        },
        "bottomRight": {
          "type": "elliptical",
          "x": 10,
          "y": 10
        },
        "topLeft": {
          "type": "elliptical",
          "x": 10,
          "y": 10
        },
        "topRight": {
          "type": "elliptical",
          "x": 10,
          "y": 10
        },
        "type": "only"
      },
      "borderSide": {
        "color": "#ffb62323",
        "style": "solid",
        "width": 1
      },
      "gapPadding": 4,
      "type": "outline"
    },
    "filled": false,
    "floatingLabelAlignment": "start",
    "floatingLabelBehavior": "auto",
    "isCollapsed": false,
    "isDense": false
  },
  "materialTapTargetSize": "shrinkWrap",
  "outlinedButtonTheme": {
    "style": {
      "backgroundColor": {
        "disabled": "#00000000",
        "dragged": "#00000000",
        "empty": "#00000000",
        "error": "#00000000",
        "focused": "#00000000",
        "hovered": "#00000000",
        "pressed": "#00000000",
        "scrolledUnder": "#00000000",
        "selected": "#00000000"
      },
      "elevation": {
        "disabled": 0,
        "dragged": 0,
        "empty": 0,
        "error": 0,
        "focused": 0,
        "hovered": 0,
        "pressed": 0,
        "scrolledUnder": 0,
        "selected": 0
      },
      "foregroundColor": {
        "disabled": "#80ffffff",
        "dragged": "#fffb662e",
        "empty": "#fffb662e",
        "error": "#fffb662e",
        "focused": "#fffb662e",
        "hovered": "#fffb662e",
        "pressed": "#fffb662e",
        "scrolledUnder": "#fffb662e",
        "selected": "#fffb662e"
      },
      "minimumSize": {
        "disabled": {
          "height": 36,
          "width": 64
        },
        "dragged": {
          "height": 36,
          "width": 64
        },
        "empty": {
          "height": 36,
          "width": 64
        },
        "error": {
          "height": 36,
          "width": 64
        },
        "focused": {
          "height": 36,
          "width": 64
        },
        "hovered": {
          "height": 36,
          "width": 64
        },
        "pressed": {
          "height": 36,
          "width": 64
        },
        "scrolledUnder": {
          "height": 36,
          "width": 64
        },
        "selected": {
          "height": 36,
          "width": 64
        }
      },
      "overlayColor": {
        "focused": "#1ffb662e",
        "hovered": "#0afb662e",
        "pressed": "#1ffb662e"
      },
      "shadowColor": {
        "disabled": "#ff000000",
        "dragged": "#ff000000",
        "empty": "#ff000000",
        "error": "#ff000000",
        "focused": "#ff000000",
        "hovered": "#ff000000",
        "pressed": "#ff000000",
        "scrolledUnder": "#ff000000",
        "selected": "#ff000000"
      }
    }
  },
  "platform": "windows",
  "primaryColor": "#fffb662e",
  "primaryColorDark": "#ffc95225",
  "primaryColorLight": "#fffda382",
  "primaryIconTheme": {
    "color": "#ffffffff"
  },
  "primaryTextTheme": {
    "bodyLarge": {
      "color": "#ffffffff",
      "decoration": "none",
      "fontFamily": "Segoe UI",
      "inherit": true
    },
    "bodyMedium": {
      "color": "#ffffffff",
      "decoration": "none",
      "fontFamily": "Segoe UI",
      "inherit": true
    },
    "bodySmall": {
      "color": "#b3ffffff",
      "decoration": "none",
      "fontFamily": "Segoe UI",
      "inherit": true
    },
    "displayLarge": {
      "color": "#b3ffffff",
      "decoration": "none",
      "fontFamily": "Segoe UI",
      "inherit": true
    },
    "displayMedium": {
      "color": "#b3ffffff",
      "decoration": "none",
      "fontFamily": "Segoe UI",
      "inherit": true
    },
    "displaySmall": {
      "color": "#b3ffffff",
      "decoration": "none",
      "fontFamily": "Segoe UI",
      "inherit": true
    },
    "headlineLarge": {
      "color": "#b3ffffff",
      "decoration": "none",
      "fontFamily": "Segoe UI",
      "inherit": true
    },
    "headlineMedium": {
      "color": "#b3ffffff",
      "decoration": "none",
      "fontFamily": "Segoe UI",
      "inherit": true
    },
    "headlineSmall": {
      "color": "#ffffffff",
      "decoration": "none",
      "fontFamily": "Segoe UI",
      "inherit": true
    },
    "labelLarge": {
      "color": "#ffffffff",
      "decoration": "none",
      "fontFamily": "Segoe UI",
      "inherit": true
    },
    "labelMedium": {
      "color": "#ffffffff",
      "decoration": "none",
      "fontFamily": "Segoe UI",
      "inherit": true
    },
    "labelSmall": {
      "color": "#ffffffff",
      "decoration": "none",
      "fontFamily": "Segoe UI",
      "inherit": true
    },
    "titleLarge": {
      "color": "#ffffffff",
      "decoration": "none",
      "fontFamily": "Segoe UI",
      "inherit": true
    },
    "titleMedium": {
      "color": "#ffffffff",
      "decoration": "none",
      "fontFamily": "Segoe UI",
      "inherit": true
    },
    "titleSmall": {
      "color": "#ffffffff",
      "decoration": "none",
      "fontFamily": "Segoe UI",
      "inherit": true
    }
  },
  "scaffoldBackgroundColor": "#ff1c2429",
  "secondaryHeaderColor": "#fffdab8c",
  "selectedRowColor": "#fff5f5f5",
  "shadowColor": "#ff000000",
  "splashColor": "#40cccccc",
  "splashFactory": "splash",
  "tabBarTheme": {
    "labelColor": "#ff28333b",
    "unselectedLabelColor": "#cbfbfcff"
  },
  "textTheme": {
    "bodyLarge": {
      "color": "#ffffffff",
      "decoration": "none",
      "fontFamily": "AlegreyaSans_regular",
      "fontFamilyFallback": [
        "AlegreyaSans"
      ],
      "fontWeight": "w400",
      "fontSize": 16,
      "inherit": true,
      "letterSpacing": 0.5,
      "textBaseline": "alphabetic"
    },
    "bodyMedium": {
      "color": "#ffffffff",
      "decoration": "none",
      "fontFamily": "AlegreyaSans_regular",
      "fontFamilyFallback": [
        "AlegreyaSans"
      ],
      "fontWeight": "w400",
      "fontSize": 14,
      "inherit": true,
      "letterSpacing": 0.25,
      "textBaseline": "alphabetic"
    },
    "bodySmall": {
      "color": "#b3ffffff",
      "decoration": "none",
      "fontFamily": "AlegreyaSans_regular",
      "fontFamilyFallback": [
        "AlegreyaSans"
      ],
      "fontWeight": "w400",
      "fontSize": 12,
      "inherit": true,
      "letterSpacing": 0.4,
      "textBaseline": "alphabetic"
    },
    "displayLarge": {
      "color": "#b3ffffff",
      "decoration": "none",
      "fontFamily": "AlegreyaSans_300",
      "fontFamilyFallback": [
        "AlegreyaSans"
      ],
      "fontWeight": "w300",
      "fontSize": 96,
      "inherit": true,
      "letterSpacing": -1.5,
      "textBaseline": "alphabetic"
    },
    "displayMedium": {
      "color": "#b3ffffff",
      "decoration": "none",
      "fontFamily": "AlegreyaSans_300",
      "fontFamilyFallback": [
        "AlegreyaSans"
      ],
      "fontWeight": "w300",
      "fontSize": 60,
      "inherit": true,
      "letterSpacing": -0.5,
      "textBaseline": "alphabetic"
    },
    "displaySmall": {
      "color": "#b3ffffff",
      "decoration": "none",
      "fontFamily": "AlegreyaSans_regular",
      "fontFamilyFallback": [
        "AlegreyaSans"
      ],
      "fontWeight": "w400",
      "fontSize": 48,
      "inherit": true,
      "letterSpacing": 0,
      "textBaseline": "alphabetic"
    },
    "headlineLarge": {
      "color": "#b3ffffff",
      "decoration": "none",
      "fontFamily": "AlegreyaSans_regular",
      "fontFamilyFallback": [
        "AlegreyaSans"
      ],
      "inherit": true
    },
    "headlineMedium": {
      "color": "#b3ffffff",
      "decoration": "none",
      "fontFamily": "AlegreyaSans_regular",
      "fontFamilyFallback": [
        "AlegreyaSans"
      ],
      "fontWeight": "w400",
      "fontSize": 34,
      "inherit": true,
      "letterSpacing": 0.25,
      "textBaseline": "alphabetic"
    },
    "headlineSmall": {
      "color": "#ffffffff",
      "decoration": "none",
      "fontFamily": "AlegreyaSans_regular",
      "fontFamilyFallback": [
        "AlegreyaSans"
      ],
      "fontWeight": "w400",
      "fontSize": 24,
      "inherit": true,
      "letterSpacing": 0,
      "textBaseline": "alphabetic"
    },
    "labelLarge": {
      "color": "#ffffffff",
      "decoration": "none",
      "fontFamily": "AlegreyaSans_500",
      "fontFamilyFallback": [
        "AlegreyaSans"
      ],
      "fontWeight": "w500",
      "fontSize": 14,
      "inherit": true,
      "letterSpacing": 1.25,
      "textBaseline": "alphabetic"
    },
    "labelMedium": {
      "color": "#ffffffff",
      "decoration": "none",
      "fontFamily": "AlegreyaSans_regular",
      "fontFamilyFallback": [
        "AlegreyaSans"
      ],
      "inherit": true
    },
    "labelSmall": {
      "color": "#ffffffff",
      "decoration": "none",
      "fontFamily": "AlegreyaSans_regular",
      "fontFamilyFallback": [
        "AlegreyaSans"
      ],
      "fontWeight": "w400",
      "fontSize": 10,
      "inherit": true,
      "letterSpacing": 1.5,
      "textBaseline": "alphabetic"
    },
    "titleLarge": {
      "color": "#ffffffff",
      "decoration": "none",
      "fontFamily": "AlegreyaSans_500",
      "fontFamilyFallback": [
        "AlegreyaSans"
      ],
      "fontWeight": "w500",
      "fontSize": 20,
      "inherit": true,
      "letterSpacing": 0.15,
      "textBaseline": "alphabetic"
    },
    "titleMedium": {
      "color": "#ffffffff",
      "decoration": "none",
      "fontFamily": "AlegreyaSans_regular",
      "fontFamilyFallback": [
        "AlegreyaSans"
      ],
      "fontWeight": "w400",
      "fontSize": 16,
      "inherit": true,
      "letterSpacing": 0.15,
      "textBaseline": "alphabetic"
    },
    "titleSmall": {
      "color": "#ffffffff",
      "decoration": "none",
      "fontFamily": "AlegreyaSans_500",
      "fontFamilyFallback": [
        "AlegreyaSans"
      ],
      "fontWeight": "w500",
      "fontSize": 14,
      "inherit": true,
      "letterSpacing": 0.1,
      "textBaseline": "alphabetic"
    }
  },
  "toggleableActiveColor": "#ffe25c29",
  "typography": {
    "black": {
      "bodyLarge": {
        "color": "#dd000000",
        "decoration": "none",
        "fontFamily": "Segoe UI",
        "inherit": true
      },
      "bodyMedium": {
        "color": "#dd000000",
        "decoration": "none",
        "fontFamily": "Segoe UI",
        "inherit": true
      },
      "bodySmall": {
        "color": "#8a000000",
        "decoration": "none",
        "fontFamily": "Segoe UI",
        "inherit": true
      },
      "displayLarge": {
        "color": "#8a000000",
        "decoration": "none",
        "fontFamily": "Segoe UI",
        "inherit": true
      },
      "displayMedium": {
        "color": "#8a000000",
        "decoration": "none",
        "fontFamily": "Segoe UI",
        "inherit": true
      },
      "displaySmall": {
        "color": "#8a000000",
        "decoration": "none",
        "fontFamily": "Segoe UI",
        "inherit": true
      },
      "headlineLarge": {
        "color": "#8a000000",
        "decoration": "none",
        "fontFamily": "Segoe UI",
        "inherit": true
      },
      "headlineMedium": {
        "color": "#8a000000",
        "decoration": "none",
        "fontFamily": "Segoe UI",
        "inherit": true
      },
      "headlineSmall": {
        "color": "#dd000000",
        "decoration": "none",
        "fontFamily": "Segoe UI",
        "inherit": true
      },
      "labelLarge": {
        "color": "#dd000000",
        "decoration": "none",
        "fontFamily": "Segoe UI",
        "inherit": true
      },
      "labelMedium": {
        "color": "#ff000000",
        "decoration": "none",
        "fontFamily": "Segoe UI",
        "inherit": true
      },
      "labelSmall": {
        "color": "#ff000000",
        "decoration": "none",
        "fontFamily": "Segoe UI",
        "inherit": true
      },
      "titleLarge": {
        "color": "#dd000000",
        "decoration": "none",
        "fontFamily": "Segoe UI",
        "inherit": true
      },
      "titleMedium": {
        "color": "#dd000000",
        "decoration": "none",
        "fontFamily": "Segoe UI",
        "inherit": true
      },
      "titleSmall": {
        "color": "#ff000000",
        "decoration": "none",
        "fontFamily": "Segoe UI",
        "inherit": true
      }
    },
    "dense": {
      "bodyLarge": {
        "fontWeight": "w500",
        "fontSize": 15,
        "inherit": false,
        "textBaseline": "ideographic"
      },
      "bodyMedium": {
        "fontWeight": "w400",
        "fontSize": 15,
        "inherit": false,
        "textBaseline": "ideographic"
      },
      "bodySmall": {
        "fontWeight": "w400",
        "fontSize": 13,
        "inherit": false,
        "textBaseline": "ideographic"
      },
      "displayLarge": {
        "fontWeight": "w100",
        "fontSize": 112,
        "inherit": false,
        "textBaseline": "ideographic"
      },
      "displayMedium": {
        "fontWeight": "w400",
        "fontSize": 56,
        "inherit": false,
        "textBaseline": "ideographic"
      },
      "displaySmall": {
        "fontWeight": "w400",
        "fontSize": 45,
        "inherit": false,
        "textBaseline": "ideographic"
      },
      "headlineLarge": {
        "fontWeight": "w400",
        "fontSize": 40,
        "inherit": false,
        "textBaseline": "ideographic"
      },
      "headlineMedium": {
        "fontWeight": "w400",
        "fontSize": 34,
        "inherit": false,
        "textBaseline": "ideographic"
      },
      "headlineSmall": {
        "fontWeight": "w400",
        "fontSize": 24,
        "inherit": false,
        "textBaseline": "ideographic"
      },
      "labelLarge": {
        "fontWeight": "w500",
        "fontSize": 15,
        "inherit": false,
        "textBaseline": "ideographic"
      },
      "labelMedium": {
        "fontWeight": "w400",
        "fontSize": 12,
        "inherit": false,
        "textBaseline": "ideographic"
      },
      "labelSmall": {
        "fontWeight": "w400",
        "fontSize": 11,
        "inherit": false,
        "textBaseline": "ideographic"
      },
      "titleLarge": {
        "fontWeight": "w500",
        "fontSize": 21,
        "inherit": false,
        "textBaseline": "ideographic"
      },
      "titleMedium": {
        "fontWeight": "w400",
        "fontSize": 17,
        "inherit": false,
        "textBaseline": "ideographic"
      },
      "titleSmall": {
        "fontWeight": "w500",
        "fontSize": 15,
        "inherit": false,
        "textBaseline": "ideographic"
      }
    },
    "englishLike": {
      "bodyLarge": {
        "fontWeight": "w500",
        "fontSize": 14,
        "inherit": false,
        "textBaseline": "alphabetic"
      },
      "bodyMedium": {
        "fontWeight": "w400",
        "fontSize": 14,
        "inherit": false,
        "textBaseline": "alphabetic"
      },
      "bodySmall": {
        "fontWeight": "w400",
        "fontSize": 12,
        "inherit": false,
        "textBaseline": "alphabetic"
      },
      "displayLarge": {
        "fontWeight": "w100",
        "fontSize": 112,
        "inherit": false,
        "textBaseline": "alphabetic"
      },
      "displayMedium": {
        "fontWeight": "w400",
        "fontSize": 56,
        "inherit": false,
        "textBaseline": "alphabetic"
      },
      "displaySmall": {
        "fontWeight": "w400",
        "fontSize": 45,
        "inherit": false,
        "textBaseline": "alphabetic"
      },
      "headlineLarge": {
        "fontWeight": "w400",
        "fontSize": 40,
        "inherit": false,
        "textBaseline": "alphabetic"
      },
      "headlineMedium": {
        "fontWeight": "w400",
        "fontSize": 34,
        "inherit": false,
        "textBaseline": "alphabetic"
      },
      "headlineSmall": {
        "fontWeight": "w400",
        "fontSize": 24,
        "inherit": false,
        "textBaseline": "alphabetic"
      },
      "labelLarge": {
        "fontWeight": "w500",
        "fontSize": 14,
        "inherit": false,
        "textBaseline": "alphabetic"
      },
      "labelMedium": {
        "fontWeight": "w400",
        "fontSize": 12,
        "inherit": false,
        "textBaseline": "alphabetic"
      },
      "labelSmall": {
        "fontWeight": "w400",
        "fontSize": 10,
        "inherit": false,
        "letterSpacing": 1.5,
        "textBaseline": "alphabetic"
      },
      "titleLarge": {
        "fontWeight": "w500",
        "fontSize": 20,
        "inherit": false,
        "textBaseline": "alphabetic"
      },
      "titleMedium": {
        "fontWeight": "w400",
        "fontSize": 16,
        "inherit": false,
        "textBaseline": "alphabetic"
      },
      "titleSmall": {
        "fontWeight": "w500",
        "fontSize": 14,
        "inherit": false,
        "letterSpacing": 0.1,
        "textBaseline": "alphabetic"
      }
    },
    "tall": {
      "bodyLarge": {
        "fontWeight": "w700",
        "fontSize": 15,
        "inherit": false,
        "textBaseline": "alphabetic"
      },
      "bodyMedium": {
        "fontWeight": "w400",
        "fontSize": 15,
        "inherit": false,
        "textBaseline": "alphabetic"
      },
      "bodySmall": {
        "fontWeight": "w400",
        "fontSize": 13,
        "inherit": false,
        "textBaseline": "alphabetic"
      },
      "displayLarge": {
        "fontWeight": "w400",
        "fontSize": 112,
        "inherit": false,
        "textBaseline": "alphabetic"
      },
      "displayMedium": {
        "fontWeight": "w400",
        "fontSize": 56,
        "inherit": false,
        "textBaseline": "alphabetic"
      },
      "displaySmall": {
        "fontWeight": "w400",
        "fontSize": 45,
        "inherit": false,
        "textBaseline": "alphabetic"
      },
      "headlineLarge": {
        "fontWeight": "w400",
        "fontSize": 40,
        "inherit": false,
        "textBaseline": "alphabetic"
      },
      "headlineMedium": {
        "fontWeight": "w400",
        "fontSize": 34,
        "inherit": false,
        "textBaseline": "alphabetic"
      },
      "headlineSmall": {
        "fontWeight": "w400",
        "fontSize": 24,
        "inherit": false,
        "textBaseline": "alphabetic"
      },
      "labelLarge": {
        "fontWeight": "w700",
        "fontSize": 15,
        "inherit": false,
        "textBaseline": "alphabetic"
      },
      "labelMedium": {
        "fontWeight": "w400",
        "fontSize": 12,
        "inherit": false,
        "textBaseline": "alphabetic"
      },
      "labelSmall": {
        "fontWeight": "w400",
        "fontSize": 11,
        "inherit": false,
        "textBaseline": "alphabetic"
      },
      "titleLarge": {
        "fontWeight": "w700",
        "fontSize": 21,
        "inherit": false,
        "textBaseline": "alphabetic"
      },
      "titleMedium": {
        "fontWeight": "w400",
        "fontSize": 17,
        "inherit": false,
        "textBaseline": "alphabetic"
      },
      "titleSmall": {
        "fontWeight": "w500",
        "fontSize": 15,
        "inherit": false,
        "textBaseline": "alphabetic"
      }
    },
    "white": {
      "bodyLarge": {
        "color": "#ffffffff",
        "decoration": "none",
        "fontFamily": "Segoe UI",
        "inherit": true
      },
      "bodyMedium": {
        "color": "#ffffffff",
        "decoration": "none",
        "fontFamily": "Segoe UI",
        "inherit": true
      },
      "bodySmall": {
        "color": "#b3ffffff",
        "decoration": "none",
        "fontFamily": "Segoe UI",
        "inherit": true
      },
      "displayLarge": {
        "color": "#b3ffffff",
        "decoration": "none",
        "fontFamily": "Segoe UI",
        "inherit": true
      },
      "displayMedium": {
        "color": "#b3ffffff",
        "decoration": "none",
        "fontFamily": "Segoe UI",
        "inherit": true
      },
      "displaySmall": {
        "color": "#b3ffffff",
        "decoration": "none",
        "fontFamily": "Segoe UI",
        "inherit": true
      },
      "headlineLarge": {
        "color": "#b3ffffff",
        "decoration": "none",
        "fontFamily": "Segoe UI",
        "inherit": true
      },
      "headlineMedium": {
        "color": "#b3ffffff",
        "decoration": "none",
        "fontFamily": "Segoe UI",
        "inherit": true
      },
      "headlineSmall": {
        "color": "#ffffffff",
        "decoration": "none",
        "fontFamily": "Segoe UI",
        "inherit": true
      },
      "labelLarge": {
        "color": "#ffffffff",
        "decoration": "none",
        "fontFamily": "Segoe UI",
        "inherit": true
      },
      "labelMedium": {
        "color": "#ffffffff",
        "decoration": "none",
        "fontFamily": "Segoe UI",
        "inherit": true
      },
      "labelSmall": {
        "color": "#ffffffff",
        "decoration": "none",
        "fontFamily": "Segoe UI",
        "inherit": true
      },
      "titleLarge": {
        "color": "#ffffffff",
        "decoration": "none",
        "fontFamily": "Segoe UI",
        "inherit": true
      },
      "titleMedium": {
        "color": "#ffffffff",
        "decoration": "none",
        "fontFamily": "Segoe UI",
        "inherit": true
      },
      "titleSmall": {
        "color": "#ffffffff",
        "decoration": "none",
        "fontFamily": "Segoe UI",
        "inherit": true
      }
    }
  },
  "unselectedWidgetColor": "#b3ffffff",
  "useMaterial3": false,
  "visualDensity": "compact"
}