{
  "appBarTheme": {
    "actionsIconTheme": {
      "color": "#fffafafb"
    },
    "iconTheme": {
      "color": "#fffafafb"
    },
    "titleTextStyle": {
      "color": "#ffffffff",
      "decoration": "none",
      "fontFamily": "Inter_regular",
      "fontFamilyFallback": [
        "Inter"
      ],
      "fontWeight": "w500",
      "fontSize": 20,
      "inherit": true,
      "letterSpacing": 0.15,
      "textBaseline": "alphabetic"
    },
    "toolbarTextStyle": {
      "color": "#ffffffff",
      "decoration": "none",
      "fontFamily": "Roboto",
      "fontWeight": "w400",
      "fontSize": 14,
      "inherit": true,
      "letterSpacing": 0.25,
      "textBaseline": "alphabetic"
    }
  },
  "applyElevationOverlayColor": false,
  "backgroundColor": "#ffff6061",
  "bottomAppBarColor": "#ffff1c1d",
  "bottomNavigationBarTheme": {
    "backgroundColor": "#ffff1c1d",
    "selectedItemColor": "#ffffffff",
    "selectedLabelStyle": {
      "color": "#ffffffff",
      "decoration": "none",
      "fontFamily": "Roboto",
      "fontWeight": "w400",
      "fontSize": 14,
      "inherit": true,
      "letterSpacing": 0.25,
      "textBaseline": "alphabetic"
    },
    "showUnselectedLabels": true,
    "type": "fixed",
    "unselectedItemColor": "#9ef4f4f4",
    "unselectedLabelStyle": {
      "color": "#ffffffff",
      "decoration": "none",
      "fontFamily": "Roboto",
      "fontWeight": "w400",
      "fontSize": 14,
      "inherit": true,
      "letterSpacing": 0.25,
      "textBaseline": "alphabetic"
    }
  },
  "brightness": "light",
  "buttonTheme": {
    "alignedDropdown": false,
    "colorScheme": {
      "background": "#ffffffff",
      "brightness": "light",
      "error": "#ffb00020",
      "errorContainer": "#ffb00020",
      "inversePrimary": "#ffffffff",
      "inverseSurface": "#ff000000",
      "onBackground": "#ff000000",
      "onError": "#ffffffff",
      "onErrorContainer": "#ffffffff",
      "onInverseSurface": "#ffffffff",
      "onPrimary": "#ff000000",
      "onPrimaryContainer": "#ffffffff",
      "onSecondary": "#ff000000",
      "onSecondaryContainer": "#ff000000",
      "onSurface": "#ff000000",
      "onSurfaceVariant": "#ff000000",
      "onTertiary": "#ff000000",
      "onTertiaryContainer": "#ff000000",
      "outline": "#ff000000",
      "primary": "#ffff1c1d",
      "primaryContainer": "#ff6200ee",
      "secondary": "#ffff1c1d",
      "secondaryContainer": "#ff03dac6",
      "shadow": "#ff000000",
      "surface": "#ffffffff",
      "surfaceTint": "#ff6200ee",
      "surfaceVariant": "#ffffffff",
      "tertiary": "#ff03dac6",
      "tertiaryContainer": "#ff03dac6"
    },
    "height": 36,
    "layoutBehavior": "padded",
    "minWidth": 88,
    "padding": {
      "bottom": 0,
      "left": 16,
      "right": 16,
      "top": 0
    },
    "shape": {
      "borderRadius": {
        "bottomLeft": {
          "type": "elliptical",
          "x": 2,
          "y": 2
        },
        "bottomRight": {
          "type": "elliptical",
          "x": 2,
          "y": 2
        },
        "topLeft": {
          "type": "elliptical",
          "x": 2,
          "y": 2
        },
        "topRight": {
          "type": "elliptical",
          "x": 2,
          "y": 2
        },
        "type": "only"
      },
      "side": {
        "color": "#ff000000",
        "style": "none",
        "width": 0
      },
      "type": "rounded"
    },
    "textTheme": "normal"
  },
  "canvasColor": "#fffafafa",
  "cardColor": "#ffffffff",
  "colorScheme": {
    "background": "#ffffffff",
    "brightness": "light",
    "error": "#ffb00020",
    "errorContainer": "#ffb00020",
    "inversePrimary": "#ffffffff",
    "inverseSurface": "#ff000000",
    "onBackground": "#ff000000",
    "onError": "#ffffffff",
    "onErrorContainer": "#ffffffff",
    "onInverseSurface": "#ffffffff",
    "onPrimary": "#ff000000",
    "onPrimaryContainer": "#ffffffff",
    "onSecondary": "#ff000000",
    "onSecondaryContainer": "#ff000000",
    "onSurface": "#ff000000",
    "onSurfaceVariant": "#ff000000",
    "onTertiary": "#ff000000",
    "onTertiaryContainer": "#ff000000",
    "outline": "#ff000000",
    "primary": "#ffff1c1d",
    "primaryContainer": "#ff6200ee",
    "secondary": "#ffff1c1d",
    "secondaryContainer": "#ff03dac6",
    "shadow": "#ff000000",
    "surface": "#ffffffff",
    "surfaceTint": "#ff6200ee",
    "surfaceVariant": "#ffffffff",
    "tertiary": "#ff03dac6",
    "tertiaryContainer": "#ff03dac6"
  },
  "dialogBackgroundColor": "#ffffffff",
  "disabledColor": "#61000000",
  "dividerColor": "#1f000000",
  "elevatedButtonTheme": {
    "style": {
      "backgroundColor": {
        "disabled": "#80ffbfbf",
        "dragged": "#ffff1c1d",
        "empty": "#ffff1c1d",
        "error": "#ffff1c1d",
        "focused": "#ffff1c1d",
        "hovered": "#ffff1c1d",
        "pressed": "#ffff1c1d",
        "scrolledUnder": "#ffff1c1d",
        "selected": "#ffff1c1d"
      },
      "elevation": {
        "disabled": 0,
        "dragged": 2,
        "empty": 2,
        "error": 2,
        "focused": 4,
        "hovered": 4,
        "pressed": 8,
        "scrolledUnder": 2,
        "selected": 2
      },
      "foregroundColor": {
        "disabled": "#aefef7f6",
        "dragged": "#fffcd7d6",
        "empty": "#fffcd7d6",
        "error": "#fffcd7d6",
        "focused": "#fffcd7d6",
        "hovered": "#fffcd7d6",
        "pressed": "#fffcd7d6",
        "scrolledUnder": "#fffcd7d6",
        "selected": "#fffcd7d6"
      },
      "minimumSize": {
        "disabled": {
          "height": 36,
          "width": 64
        },
        "dragged": {
          "height": 36,
          "width": 64
        },
        "empty": {
          "height": 36,
          "width": 64
        },
        "error": {
          "height": 36,
          "width": 64
        },
        "focused": {
          "height": 36,
          "width": 64
        },
        "hovered": {
          "height": 36,
          "width": 64
        },
        "pressed": {
          "height": 36,
          "width": 64
        },
        "scrolledUnder": {
          "height": 36,
          "width": 64
        },
        "selected": {
          "height": 36,
          "width": 64
        }
      },
      "overlayColor": {
        "focused": "#3d000000",
        "hovered": "#14000000",
        "pressed": "#3d000000"
      },
      "shadowColor": {
        "disabled": "#ff000000",
        "dragged": "#ff000000",
        "empty": "#ff000000",
        "error": "#ff000000",
        "focused": "#ff000000",
        "hovered": "#ff000000",
        "pressed": "#ff000000",
        "scrolledUnder": "#ff000000",
        "selected": "#ff000000"
      }
    }
  },
  "errorColor": "#fff8c5c6",
  "floatingActionButtonTheme": {
    "foregroundColor": "#ffffffff"
  },
  "focusColor": "#1f000000",
  "highlightColor": "#66bcbcbc",
  "hintColor": "#99000000",
  "hoverColor": "#0a000000",
  "iconTheme": {
    "color": "#dd000000"
  },
  "indicatorColor": "#ffff1c1d",
  "inputDecorationTheme": {
    "alignLabelWithHint": false,
    "border": {
      "borderRadius": {
        "bottomLeft": {
          "type": "elliptical",
          "x": 10,
          "y": 10
        },
        "bottomRight": {
          "type": "elliptical",
          "x": 10,
          "y": 10
        },
        "topLeft": {
          "type": "elliptical",
          "x": 10,
          "y": 10
        },
        "topRight": {
          "type": "elliptical",
          "x": 10,
          "y": 10
        },
        "type": "only"
      },
      "borderSide": {
        "color": "#ff000000",
        "style": "solid",
        "width": 1
      },
      "gapPadding": 4,
      "type": "outline"
    },
    "filled": false,
    "floatingLabelAlignment": "start",
    "floatingLabelBehavior": "auto",
    "isCollapsed": false,
    "isDense": false
  },
  "materialTapTargetSize": "shrinkWrap",
  "outlinedButtonTheme": {
    "style": {
      "backgroundColor": {
        "disabled": "#00000000",
        "dragged": "#00000000",
        "empty": "#00000000",
        "error": "#00000000",
        "focused": "#00000000",
        "hovered": "#00000000",
        "pressed": "#00000000",
        "scrolledUnder": "#00000000",
        "selected": "#00000000"
      },
      "elevation": {
        "disabled": 0,
        "dragged": 0,
        "empty": 0,
        "error": 0,
        "focused": 0,
        "hovered": 0,
        "pressed": 0,
        "scrolledUnder": 0,
        "selected": 0
      },
      "foregroundColor": {
        "disabled": "#61000000",
        "dragged": "#ffff1c1d",
        "empty": "#ffff1c1d",
        "error": "#ffff1c1d",
        "focused": "#ffff1c1d",
        "hovered": "#ffff1c1d",
        "pressed": "#ffff1c1d",
        "scrolledUnder": "#ffff1c1d",
        "selected": "#ffff1c1d"
      },
      "minimumSize": {
        "disabled": {
          "height": 36,
          "width": 64
        },
        "dragged": {
          "height": 36,
          "width": 64
        },
        "empty": {
          "height": 36,
          "width": 64
        },
        "error": {
          "height": 36,
          "width": 64
        },
        "focused": {
          "height": 36,
          "width": 64
        },
        "hovered": {
          "height": 36,
          "width": 64
        },
        "pressed": {
          "height": 36,
          "width": 64
        },
        "scrolledUnder": {
          "height": 36,
          "width": 64
        },
        "selected": {
          "height": 36,
          "width": 64
        }
      },
      "overlayColor": {
        "focused": "#1fff1c1d",
        "hovered": "#0aff1c1d",
        "pressed": "#1fff1c1d"
      },
      "shadowColor": {
        "disabled": "#ff000000",
        "dragged": "#ff000000",
        "empty": "#ff000000",
        "error": "#ff000000",
        "focused": "#ff000000",
        "hovered": "#ff000000",
        "pressed": "#ff000000",
        "scrolledUnder": "#ff000000",
        "selected": "#ff000000"
      }
    }
  },
  "platform": "windows",
  "primaryColor": "#ffff1c1d",
  "primaryColorDark": "#ffcc1617",
  "primaryColorLight": "#ffff7777",
  "primaryIconTheme": {
    "color": "#ffffffff"
  },
  "primaryTextTheme": {
    "bodyLarge": {
      "color": "#ffffffff",
      "decoration": "none",
      "fontFamily": "Segoe UI",
      "inherit": true
    },
    "bodyMedium": {
      "color": "#ffffffff",
      "decoration": "none",
      "fontFamily": "Segoe UI",
      "inherit": true
    },
    "bodySmall": {
      "color": "#b3ffffff",
      "decoration": "none",
      "fontFamily": "Segoe UI",
      "inherit": true
    },
    "displayLarge": {
      "color": "#b3ffffff",
      "decoration": "none",
      "fontFamily": "Segoe UI",
      "inherit": true
    },
    "displayMedium": {
      "color": "#b3ffffff",
      "decoration": "none",
      "fontFamily": "Segoe UI",
      "inherit": true
    },
    "displaySmall": {
      "color": "#b3ffffff",
      "decoration": "none",
      "fontFamily": "Segoe UI",
      "inherit": true
    },
    "headlineLarge": {
      "color": "#b3ffffff",
      "decoration": "none",
      "fontFamily": "Segoe UI",
      "inherit": true
    },
    "headlineMedium": {
      "color": "#b3ffffff",
      "decoration": "none",
      "fontFamily": "Segoe UI",
      "inherit": true
    },
    "headlineSmall": {
      "color": "#ffffffff",
      "decoration": "none",
      "fontFamily": "Segoe UI",
      "inherit": true
    },
    "labelLarge": {
      "color": "#ffffffff",
      "decoration": "none",
      "fontFamily": "Segoe UI",
      "inherit": true
    },
    "labelMedium": {
      "color": "#ffffffff",
      "decoration": "none",
      "fontFamily": "Segoe UI",
      "inherit": true
    },
    "labelSmall": {
      "color": "#ffffffff",
      "decoration": "none",
      "fontFamily": "Segoe UI",
      "inherit": true
    },
    "titleLarge": {
      "color": "#ffffffff",
      "decoration": "none",
      "fontFamily": "Segoe UI",
      "inherit": true
    },
    "titleMedium": {
      "color": "#ffffffff",
      "decoration": "none",
      "fontFamily": "Segoe UI",
      "inherit": true
    },
    "titleSmall": {
      "color": "#ffffffff",
      "decoration": "none",
      "fontFamily": "Segoe UI",
      "inherit": true
    }
  },
  "scaffoldBackgroundColor": "#fffafafa",
  "secondaryHeaderColor": "#ffff8283",
  "selectedRowColor": "#fff5f5f5",
  "shadowColor": "#ff000000",
  "splashColor": "#66c8c8c8",
  "splashFactory": "splash",
  "switchTheme": {
    "materialTapTargetSize": "padded",
    "thumbColor": {
      "disabled": "#ff616161",
      "dragged": "#ff5c5b57",
      "empty": "#ff5c5b57",
      "error": "#ff5c5b57",
      "focused": "#ff5c5b57",
      "hovered": "#ff5c5b57",
      "pressed": "#ff5c5b57",
      "scrolledUnder": "#ff5c5b57",
      "selected": "#ffe5191a"
    },
    "trackColor": {
      "disabled": "#1f000000",
      "dragged": "#41000000",
      "empty": "#41000000",
      "error": "#41000000",
      "focused": "#41000000",
      "hovered": "#41000000",
      "pressed": "#41000000",
      "scrolledUnder": "#41000000",
      "selected": "#80ffbfbf"
    }
  },
  "tabBarTheme": {
    "labelStyle": {
      "color": "#ffffffff",
      "decoration": "none",
      "fontFamily": "Roboto",
      "fontWeight": "w400",
      "fontSize": 16,
      "inherit": true,
      "letterSpacing": 0.5,
      "textBaseline": "alphabetic"
    },
    "unselectedLabelStyle": {
      "color": "#ffffffff",
      "decoration": "none",
      "fontFamily": "Roboto",
      "fontWeight": "w400",
      "fontSize": 16,
      "inherit": true,
      "letterSpacing": 0.5,
      "textBaseline": "alphabetic"
    }
  },
  "textTheme": {
    "bodyLarge": {
      "color": "#dd000000",
      "decoration": "none",
      "fontFamily": "Roboto_regular",
      "fontFamilyFallback": [
        "Roboto"
      ],
      "fontWeight": "w400",
      "fontSize": 16,
      "inherit": true,
      "letterSpacing": 0.5,
      "textBaseline": "alphabetic"
    },
    "bodyMedium": {
      "color": "#dd000000",
      "decoration": "none",
      "fontFamily": "Roboto_regular",
      "fontFamilyFallback": [
        "Roboto"
      ],
      "fontWeight": "w400",
      "fontSize": 14,
      "inherit": true,
      "letterSpacing": 0.25,
      "textBaseline": "alphabetic"
    },
    "bodySmall": {
      "color": "#8a000000",
      "decoration": "none",
      "fontFamily": "Roboto_regular",
      "fontFamilyFallback": [
        "Roboto"
      ],
      "fontWeight": "w400",
      "fontSize": 12,
      "inherit": true,
      "letterSpacing": 0.4,
      "textBaseline": "alphabetic"
    },
    "displayLarge": {
      "color": "#ff121212",
      "decoration": "none",
      "fontFamily": "Roboto_300",
      "fontFamilyFallback": [
        "Roboto"
      ],
      "fontWeight": "w300",
      "fontSize": 50,
      "inherit": true,
      "letterSpacing": -1.5,
      "textBaseline": "alphabetic"
    },
    "displayMedium": {
      "color": "#8a121212",
      "decoration": "none",
      "fontFamily": "Roboto_300",
      "fontFamilyFallback": [
        "Roboto"
      ],
      "fontWeight": "w300",
      "fontSize": 36,
      "inherit": true,
      "letterSpacing": -0.5,
      "textBaseline": "alphabetic"
    },
    "displaySmall": {
      "color": "#c3121212",
      "decoration": "none",
      "fontFamily": "Roboto_regular",
      "fontFamilyFallback": [
        "Roboto"
      ],
      "fontWeight": "w400",
      "fontSize": 30,
      "inherit": true,
      "letterSpacing": 0,
      "textBaseline": "alphabetic"
    },
    "headlineLarge": {
      "color": "#8a000000",
      "decoration": "none",
      "fontFamily": "Roboto_regular",
      "fontFamilyFallback": [
        "Roboto"
      ],
      "inherit": true
    },
    "headlineMedium": {
      "color": "#8a000000",
      "decoration": "none",
      "fontFamily": "Roboto_regular",
      "fontFamilyFallback": [
        "Roboto"
      ],
      "fontWeight": "w400",
      "fontSize": 26,
      "inherit": true,
      "letterSpacing": 0.25,
      "textBaseline": "alphabetic"
    },
    "headlineSmall": {
      "color": "#dd000000",
      "decoration": "none",
      "fontFamily": "Roboto_regular",
      "fontFamilyFallback": [
        "Roboto"
      ],
      "fontWeight": "w400",
      "fontSize": 24,
      "inherit": true,
      "letterSpacing": 0,
      "textBaseline": "alphabetic"
    },
    "labelLarge": {
      "color": "#dd000000",
      "decoration": "none",
      "fontFamily": "Roboto_500",
      "fontFamilyFallback": [
        "Roboto"
      ],
      "fontWeight": "w500",
      "fontSize": 14,
      "inherit": true,
      "letterSpacing": 1.25,
      "textBaseline": "alphabetic"
    },
    "labelMedium": {
      "color": "#ff000000",
      "decoration": "none",
      "fontFamily": "Roboto_regular",
      "fontFamilyFallback": [
        "Roboto"
      ],
      "inherit": true
    },
    "labelSmall": {
      "color": "#ff000000",
      "decoration": "none",
      "fontFamily": "Roboto_regular",
      "fontFamilyFallback": [
        "Roboto"
      ],
      "fontWeight": "w400",
      "fontSize": 10,
      "inherit": true,
      "letterSpacing": 1.5,
      "textBaseline": "alphabetic"
    },
    "titleLarge": {
      "color": "#dd000000",
      "decoration": "none",
      "fontFamily": "Roboto_500",
      "fontFamilyFallback": [
        "Roboto"
      ],
      "fontWeight": "w500",
      "fontSize": 20,
      "inherit": true,
      "letterSpacing": 0.15,
      "textBaseline": "alphabetic"
    },
    "titleMedium": {
      "color": "#e8000000",
      "decoration": "none",
      "fontFamily": "Roboto_regular",
      "fontFamilyFallback": [
        "Roboto"
      ],
      "fontWeight": "w400",
      "fontSize": 16,
      "inherit": true,
      "letterSpacing": 0.15,
      "textBaseline": "alphabetic"
    },
    "titleSmall": {
      "color": "#ff949090",
      "decoration": "none",
      "fontFamily": "Roboto_500",
      "fontFamilyFallback": [
        "Roboto"
      ],
      "fontWeight": "w500",
      "fontSize": 14,
      "inherit": true,
      "letterSpacing": 0.1,
      "textBaseline": "alphabetic"
    }
  },
  "toggleableActiveColor": "#ffe5191a",
  "typography": {
    "black": {
      "bodyLarge": {
        "color": "#dd000000",
        "decoration": "none",
        "fontFamily": "Segoe UI",
        "inherit": true
      },
      "bodyMedium": {
        "color": "#dd000000",
        "decoration": "none",
        "fontFamily": "Segoe UI",
        "inherit": true
      },
      "bodySmall": {
        "color": "#8a000000",
        "decoration": "none",
        "fontFamily": "Segoe UI",
        "inherit": true
      },
      "displayLarge": {
        "color": "#8a000000",
        "decoration": "none",
        "fontFamily": "Segoe UI",
        "inherit": true
      },
      "displayMedium": {
        "color": "#8a000000",
        "decoration": "none",
        "fontFamily": "Segoe UI",
        "inherit": true
      },
      "displaySmall": {
        "color": "#8a000000",
        "decoration": "none",
        "fontFamily": "Segoe UI",
        "inherit": true
      },
      "headlineLarge": {
        "color": "#8a000000",
        "decoration": "none",
        "fontFamily": "Segoe UI",
        "inherit": true
      },
      "headlineMedium": {
        "color": "#8a000000",
        "decoration": "none",
        "fontFamily": "Segoe UI",
        "inherit": true
      },
      "headlineSmall": {
        "color": "#dd000000",
        "decoration": "none",
        "fontFamily": "Segoe UI",
        "inherit": true
      },
      "labelLarge": {
        "color": "#dd000000",
        "decoration": "none",
        "fontFamily": "Segoe UI",
        "inherit": true
      },
      "labelMedium": {
        "color": "#ff000000",
        "decoration": "none",
        "fontFamily": "Segoe UI",
        "inherit": true
      },
      "labelSmall": {
        "color": "#ff000000",
        "decoration": "none",
        "fontFamily": "Segoe UI",
        "inherit": true
      },
      "titleLarge": {
        "color": "#dd000000",
        "decoration": "none",
        "fontFamily": "Segoe UI",
        "inherit": true
      },
      "titleMedium": {
        "color": "#dd000000",
        "decoration": "none",
        "fontFamily": "Segoe UI",
        "inherit": true
      },
      "titleSmall": {
        "color": "#ff000000",
        "decoration": "none",
        "fontFamily": "Segoe UI",
        "inherit": true
      }
    },
    "dense": {
      "bodyLarge": {
        "fontWeight": "w500",
        "fontSize": 15,
        "inherit": false,
        "textBaseline": "ideographic"
      },
      "bodyMedium": {
        "fontWeight": "w400",
        "fontSize": 15,
        "inherit": false,
        "textBaseline": "ideographic"
      },
      "bodySmall": {
        "fontWeight": "w400",
        "fontSize": 13,
        "inherit": false,
        "textBaseline": "ideographic"
      },
      "displayLarge": {
        "fontWeight": "w100",
        "fontSize": 112,
        "inherit": false,
        "textBaseline": "ideographic"
      },
      "displayMedium": {
        "fontWeight": "w400",
        "fontSize": 56,
        "inherit": false,
        "textBaseline": "ideographic"
      },
      "displaySmall": {
        "fontWeight": "w400",
        "fontSize": 45,
        "inherit": false,
        "textBaseline": "ideographic"
      },
      "headlineLarge": {
        "fontWeight": "w400",
        "fontSize": 40,
        "inherit": false,
        "textBaseline": "ideographic"
      },
      "headlineMedium": {
        "fontWeight": "w400",
        "fontSize": 34,
        "inherit": false,
        "textBaseline": "ideographic"
      },
      "headlineSmall": {
        "fontWeight": "w400",
        "fontSize": 24,
        "inherit": false,
        "textBaseline": "ideographic"
      },
      "labelLarge": {
        "fontWeight": "w500",
        "fontSize": 15,
        "inherit": false,
        "textBaseline": "ideographic"
      },
      "labelMedium": {
        "fontWeight": "w400",
        "fontSize": 12,
        "inherit": false,
        "textBaseline": "ideographic"
      },
      "labelSmall": {
        "fontWeight": "w400",
        "fontSize": 11,
        "inherit": false,
        "textBaseline": "ideographic"
      },
      "titleLarge": {
        "fontWeight": "w500",
        "fontSize": 21,
        "inherit": false,
        "textBaseline": "ideographic"
      },
      "titleMedium": {
        "fontWeight": "w400",
        "fontSize": 17,
        "inherit": false,
        "textBaseline": "ideographic"
      },
      "titleSmall": {
        "fontWeight": "w500",
        "fontSize": 15,
        "inherit": false,
        "textBaseline": "ideographic"
      }
    },
    "englishLike": {
      "bodyLarge": {
        "fontWeight": "w500",
        "fontSize": 14,
        "inherit": false,
        "textBaseline": "alphabetic"
      },
      "bodyMedium": {
        "fontWeight": "w400",
        "fontSize": 14,
        "inherit": false,
        "textBaseline": "alphabetic"
      },
      "bodySmall": {
        "fontWeight": "w400",
        "fontSize": 12,
        "inherit": false,
        "textBaseline": "alphabetic"
      },
      "displayLarge": {
        "fontWeight": "w100",
        "fontSize": 112,
        "inherit": false,
        "textBaseline": "alphabetic"
      },
      "displayMedium": {
        "fontWeight": "w400",
        "fontSize": 56,
        "inherit": false,
        "textBaseline": "alphabetic"
      },
      "displaySmall": {
        "fontWeight": "w400",
        "fontSize": 45,
        "inherit": false,
        "textBaseline": "alphabetic"
      },
      "headlineLarge": {
        "fontWeight": "w400",
        "fontSize": 40,
        "inherit": false,
        "textBaseline": "alphabetic"
      },
      "headlineMedium": {
        "fontWeight": "w400",
        "fontSize": 34,
        "inherit": false,
        "textBaseline": "alphabetic"
      },
      "headlineSmall": {
        "fontWeight": "w400",
        "fontSize": 24,
        "inherit": false,
        "textBaseline": "alphabetic"
      },
      "labelLarge": {
        "fontWeight": "w500",
        "fontSize": 14,
        "inherit": false,
        "textBaseline": "alphabetic"
      },
      "labelMedium": {
        "fontWeight": "w400",
        "fontSize": 12,
        "inherit": false,
        "textBaseline": "alphabetic"
      },
      "labelSmall": {
        "fontWeight": "w400",
        "fontSize": 10,
        "inherit": false,
        "letterSpacing": 1.5,
        "textBaseline": "alphabetic"
      },
      "titleLarge": {
        "fontWeight": "w500",
        "fontSize": 20,
        "inherit": false,
        "textBaseline": "alphabetic"
      },
      "titleMedium": {
        "fontWeight": "w400",
        "fontSize": 16,
        "inherit": false,
        "textBaseline": "alphabetic"
      },
      "titleSmall": {
        "fontWeight": "w500",
        "fontSize": 14,
        "inherit": false,
        "letterSpacing": 0.1,
        "textBaseline": "alphabetic"
      }
    },
    "tall": {
      "bodyLarge": {
        "fontWeight": "w700",
        "fontSize": 15,
        "inherit": false,
        "textBaseline": "alphabetic"
      },
      "bodyMedium": {
        "fontWeight": "w400",
        "fontSize": 15,
        "inherit": false,
        "textBaseline": "alphabetic"
      },
      "bodySmall": {
        "fontWeight": "w400",
        "fontSize": 13,
        "inherit": false,
        "textBaseline": "alphabetic"
      },
      "displayLarge": {
        "fontWeight": "w400",
        "fontSize": 112,
        "inherit": false,
        "textBaseline": "alphabetic"
      },
      "displayMedium": {
        "fontWeight": "w400",
        "fontSize": 56,
        "inherit": false,
        "textBaseline": "alphabetic"
      },
      "displaySmall": {
        "fontWeight": "w400",
        "fontSize": 45,
        "inherit": false,
        "textBaseline": "alphabetic"
      },
      "headlineLarge": {
        "fontWeight": "w400",
        "fontSize": 40,
        "inherit": false,
        "textBaseline": "alphabetic"
      },
      "headlineMedium": {
        "fontWeight": "w400",
        "fontSize": 34,
        "inherit": false,
        "textBaseline": "alphabetic"
      },
      "headlineSmall": {
        "fontWeight": "w400",
        "fontSize": 24,
        "inherit": false,
        "textBaseline": "alphabetic"
      },
      "labelLarge": {
        "fontWeight": "w700",
        "fontSize": 15,
        "inherit": false,
        "textBaseline": "alphabetic"
      },
      "labelMedium": {
        "fontWeight": "w400",
        "fontSize": 12,
        "inherit": false,
        "textBaseline": "alphabetic"
      },
      "labelSmall": {
        "fontWeight": "w400",
        "fontSize": 11,
        "inherit": false,
        "textBaseline": "alphabetic"
      },
      "titleLarge": {
        "fontWeight": "w700",
        "fontSize": 21,
        "inherit": false,
        "textBaseline": "alphabetic"
      },
      "titleMedium": {
        "fontWeight": "w400",
        "fontSize": 17,
        "inherit": false,
        "textBaseline": "alphabetic"
      },
      "titleSmall": {
        "fontWeight": "w500",
        "fontSize": 15,
        "inherit": false,
        "textBaseline": "alphabetic"
      }
    },
    "white": {
      "bodyLarge": {
        "color": "#ffffffff",
        "decoration": "none",
        "fontFamily": "Segoe UI",
        "inherit": true
      },
      "bodyMedium": {
        "color": "#ffffffff",
        "decoration": "none",
        "fontFamily": "Segoe UI",
        "inherit": true
      },
      "bodySmall": {
        "color": "#b3ffffff",
        "decoration": "none",
        "fontFamily": "Segoe UI",
        "inherit": true
      },
      "displayLarge": {
        "color": "#b3ffffff",
        "decoration": "none",
        "fontFamily": "Segoe UI",
        "inherit": true
      },
      "displayMedium": {
        "color": "#b3ffffff",
        "decoration": "none",
        "fontFamily": "Segoe UI",
        "inherit": true
      },
      "displaySmall": {
        "color": "#b3ffffff",
        "decoration": "none",
        "fontFamily": "Segoe UI",
        "inherit": true
      },
      "headlineLarge": {
        "color": "#b3ffffff",
        "decoration": "none",
        "fontFamily": "Segoe UI",
        "inherit": true
      },
      "headlineMedium": {
        "color": "#b3ffffff",
        "decoration": "none",
        "fontFamily": "Segoe UI",
        "inherit": true
      },
      "headlineSmall": {
        "color": "#ffffffff",
        "decoration": "none",
        "fontFamily": "Segoe UI",
        "inherit": true
      },
      "labelLarge": {
        "color": "#ffffffff",
        "decoration": "none",
        "fontFamily": "Segoe UI",
        "inherit": true
      },
      "labelMedium": {
        "color": "#ffffffff",
        "decoration": "none",
        "fontFamily": "Segoe UI",
        "inherit": true
      },
      "labelSmall": {
        "color": "#ffffffff",
        "decoration": "none",
        "fontFamily": "Segoe UI",
        "inherit": true
      },
      "titleLarge": {
        "color": "#ffffffff",
        "decoration": "none",
        "fontFamily": "Segoe UI",
        "inherit": true
      },
      "titleMedium": {
        "color": "#ffffffff",
        "decoration": "none",
        "fontFamily": "Segoe UI",
        "inherit": true
      },
      "titleSmall": {
        "color": "#ffffffff",
        "decoration": "none",
        "fontFamily": "Segoe UI",
        "inherit": true
      }
    }
  },
  "unselectedWidgetColor": "#8a000000",
  "useMaterial3": false,
  "visualDensity": "compact"
}